{"redshift": [49.0, 34.99999712000023, 32.02544808927968, 29.597751554824747, 27.571983684254437, 25.851281759360425, 24.368213273613176, 23.07427781379557, 21.93361795482123, 20.91911015426889, 20.00981578593519, 19.189298904387314, 18.444456327167753, 17.76470097041651, 17.141389271218667, 16.567372189901185, 16.036700972335634, 15.544359729969578, 15.086100531372157, 14.658303253732784, 14.257848484682038, 13.88204417377644, 13.52854859799506, 13.195312452312624, 12.880543212282506, 12.582652887699169, 12.300240561451036, 12.032056513252428, 11.776985888585706, 11.534034604213415, 11.302305033684942, 11.080989017414504, 10.869358716352595, 10.666753195086196, 10.47256971679847, 10.286263894519479, 10.107334617341214, 9.935326945498549, 9.769820292624633, 9.610430817444566, 9.456804457024678, 9.308614135687133, 9.165559349229355, 9.027359650807227, 8.893760796566468, 8.764509328523987, 8.639399696744485, 8.518216438530883, 8.40076691456489, 8.286870501091672, 8.176349244511167, 8.069060898743935, 7.96483900493873, 7.863566663771234, 7.765094588518252, 7.6693125408541345, 7.576093966546372, 7.48534114889822, 7.396940155007515, 7.310811035427326, 7.2268436973739085, 7.1449673875505795, 7.065088490150915, 6.987137513747861, 6.911035657411018, 6.836714222460806, 6.764113800168793, 6.6931657761827275, 6.623816497786424, 6.555997497453629, 6.489666133152782, 6.424764857696956, 6.361249645739861, 6.299072944745288, 6.238184026485962, 6.178549918559351, 6.120118535733384, 6.0628601617253715, 6.006736276255992, 5.951709946854178, 5.89774574771219, 5.844814368634323, 5.792878346341695, 5.741919977455019, 5.691895111236026, 5.642788057861341, 5.594566077552098, 5.547206339790843, 5.500686797560163, 5.454977820696207, 5.410063286554828, 5.3659153613357224, 5.322515298906395, 5.279844963187548, 5.23788291244258, 5.196612312049003, 5.156013070446951, 5.116069544603578, 5.076762884104586, 5.038078538495166, 4.99999880000024], "smd": [0.0, 0.0, 0.0, 0.0, 0.0, 0.24050725187407818, 0.770713668316603, 34.817112609744086, 137.90505006909376, 320.6609934568407, 779.5524597167972, 1638.9292478561408, 3248.360157012941, 5917.3178672790555, 9696.328639984134, 15028.922557830818, 22249.72724914552, 32253.537178039565, 44808.39729309084, 60021.32415771487, 78308.39633941655, 102197.3037719727, 129994.51637268072, 160341.45355224618, 199448.12774658212, 246770.62988281262, 299013.0996704103, 351792.3355102541, 407373.23760986346, 467631.1874389651, 535651.435852051, 610401.191711426, 692585.2203369144, 782602.462768555, 879851.8371582036, 985417.7093505864, 1099779.5867919927, 1221394.653320313, 1351790.9240722663, 1493260.4980468757, 1647581.7871093757, 1809267.8833007822, 1980481.8725585947, 2163778.076171876, 2352328.4912109384, 2545287.1704101576, 2742843.0175781264, 2946856.9946289076, 3161028.442382814, 3380908.813476564, 3605520.019531252, 3836375.732421877, 4075048.828125002, 4321067.810058596, 4576202.087402346, 4839352.111816408, 5114281.921386722, 5400299.68261719, 5700722.04589844, 6014279.785156253, 6338618.164062503, 6667290.649414065, 6995432.128906253, 7326448.974609379, 7661472.778320316, 7996171.264648441, 8337263.183593754, 8685286.254882816, 9045584.106445316, 9412544.555664066, 9789539.184570316, 10175619.506835943, 10569416.503906256, 10968553.46679688, 11372628.17382813, 11783515.625000006, 12199656.98242188, 12622503.66210938, 13052180.175781256, 13489731.445312506, 13931981.20117188, 14381695.556640632, 14838244.628906257, 15302164.306640632, 15767603.759765632, 16241593.017578132, 16721673.583984382, 17209309.082031257, 17708916.015625007, 18218632.812500007, 18734772.949218757, 19262680.664062507, 19796571.044921882, 20336505.126953136, 20885781.25000001, 21448984.37500001, 22010920.41015626, 22584638.67187501, 23164262.69531251, 23755302.73437501, 24362028.80859376]}