{"z12.0": {"phi": [0.11826923076923092, 0.1580923076923079, 0.20043076923076947, 0.2501000000000003, 0.29309230769230804, 0.3235076923076927, 0.3270000000000004, 0.2911076923076927, 0.22435384615384643, 0.15773076923076942, 0.10473846153846167, 0.06832307692307701, 0.040323076923076975, 0.022269230769230798, 0.012461538461538477, 0.00716153846153847, 0.004238461538461543, 0.002269230769230772, 0.0014769230769230788, 0.0008461538461538472, 0.000515384615384616, 0.00033076923076923116, 0.00018461538461538485, 8.461538461538472e-05, 0.00011538461538461553, 6.923076923076932e-05, 7.692307692307702e-06, 2.3076923076923106e-05, 7.692307692307702e-06, 0.0, 0.0, 0.0, 0.0, 0.0, 0.0, 0.0, 0.0, 0.0, 0.0, 0.0, 0.0, 0.0, 0.0, 0.0, 0.0, 0.0, 0.0, 0.0, 0.0, 0.0], "xHI": 0.9900609850883484}, "z5.0": {"phi": [0.5476307692307699, 0.6716000000000009, 0.8230615384615395, 0.998069230769232, 1.1999307692307708, 1.410530769230771, 1.6081307692307711, 1.759223076923079, 1.8555461538461562, 1.9195307692307717, 1.8977000000000024, 1.7348076923076945, 1.381107692307694, 0.999669230769232, 0.7436461538461547, 0.5647846153846161, 0.4157230769230774, 0.29254615384615423, 0.19703846153846177, 0.13129230769230785, 0.09110769230769242, 0.06414615384615392, 0.04451538461538467, 0.03288461538461542, 0.024846153846153875, 0.0183769230769231, 0.015030769230769249, 0.011630769230769245, 0.008476923076923087, 0.007415384615384625, 0.005261538461538468, 0.004261538461538467, 0.003276923076923081, 0.0024230769230769262, 0.0020769230769230795, 0.0015692307692307711, 0.0011384615384615398, 0.0006769230769230778, 0.0006076923076923084, 0.0003769230769230774, 0.00034615384615384657, 0.00018461538461538485, 0.00014615384615384634, 9.230769230769242e-05, 1.5384615384615404e-05, 2.3076923076923106e-05, 7.692307692307702e-06, 7.692307692307702e-06, 7.692307692307702e-06, 0.0], "xHI": 1000000.0}, "z9.9": {"phi": [0.3412923076923081, 0.44293846153846206, 0.5548461538461545, 0.6762384615384623, 0.7910076923076933, 0.8693153846153857, 0.8795769230769241, 0.7748230769230778, 0.60613076923077, 0.4415307692307698, 0.3128461538461542, 0.21051538461538488, 0.14000769230769247, 0.08975384615384627, 0.05563846153846161, 0.03374615384615389, 0.02058461538461541, 0.013915384615384633, 0.008453846153846164, 0.005130769230769237, 0.0035461538461538504, 0.002346153846153849, 0.0013307692307692324, 0.0007692307692307702, 0.0006000000000000007, 0.0004153846153846159, 0.00026153846153846187, 0.00026153846153846187, 0.00014615384615384634, 0.00010769230769230783, 3.846153846153851e-05, 7.692307692307702e-06, 0.0, 7.692307692307702e-06, 0.0, 0.0, 7.692307692307702e-06, 0.0, 0.0, 0.0, 0.0, 0.0, 0.0, 0.0, 0.0, 0.0, 0.0, 0.0, 0.0, 0.0], "xHI": 0.9291160702705383}, "z9.0": {"phi": [0.44757692307692365, 0.5688538461538468, 0.7093846153846163, 0.8762538461538473, 1.0555384615384629, 1.1914076923076937, 1.2541307692307708, 1.1908923076923092, 1.015246153846155, 0.7814923076923087, 0.5460846153846161, 0.36051538461538507, 0.23836153846153876, 0.1569230769230771, 0.10190000000000013, 0.06383076923076932, 0.040823076923076976, 0.025692307692307723, 0.017330769230769254, 0.01087692307692309, 0.006884615384615393, 0.0043846153846153904, 0.0031384615384615422, 0.002123076923076926, 0.0014153846153846172, 0.0009230769230769242, 0.000646153846153847, 0.0005000000000000007, 0.0002923076923076927, 0.00016923076923076945, 0.00022307692307692336, 0.00010769230769230783, 9.230769230769242e-05, 3.076923076923081e-05, 0.0, 0.0, 7.692307692307702e-06, 0.0, 0.0, 7.692307692307702e-06, 0.0, 0.0, 0.0, 0.0, 0.0, 0.0, 0.0, 0.0, 0.0, 0.0], "xHI": 0.8281129598617554}, "z6.0": {"phi": [0.6085846153846162, 0.7586615384615394, 0.9349230769230781, 1.1452923076923092, 1.3971307692307708, 1.6495538461538481, 1.890669230769233, 2.04779230769231, 2.127215384615387, 2.100969230769233, 1.8920307692307716, 1.4863846153846172, 1.0394000000000012, 0.7149384615384624, 0.5223307692307698, 0.37390000000000045, 0.26241538461538494, 0.17631538461538485, 0.11597692307692321, 0.07843076923076933, 0.05209230769230776, 0.03801538461538466, 0.02658461538461542, 0.01873846153846156, 0.013623076923076939, 0.010653846153846167, 0.0076307692307692404, 0.006253846153846162, 0.004546153846153852, 0.0033923076923076966, 0.0025692307692307724, 0.0020769230769230795, 0.0016153846153846173, 0.0011230769230769246, 0.0007000000000000009, 0.0004923076923076929, 0.0003384615384615389, 0.0003076923076923081, 0.00023846153846153876, 0.00015384615384615404, 9.230769230769242e-05, 3.076923076923081e-05, 3.076923076923081e-05, 2.3076923076923106e-05, 1.5384615384615404e-05, 0.0, 0.0, 0.0, 0.0, 0.0], "xHI": 1000000.0}, "z8.4": {"phi": [0.5172000000000007, 0.6559461538461546, 0.8192153846153857, 1.012569230769232, 1.2283384615384632, 1.407453846153848, 1.5147230769230788, 1.4870923076923095, 1.3210538461538477, 1.0736076923076936, 0.7822538461538471, 0.5273153846153853, 0.3406000000000004, 0.22395384615384642, 0.14946153846153865, 0.09621538461538473, 0.061846153846153926, 0.04068461538461544, 0.025953846153846185, 0.01723846153846156, 0.011123076923076937, 0.007400000000000009, 0.005184615384615391, 0.003584615384615389, 0.0025461538461538495, 0.0016153846153846173, 0.0011923076923076937, 0.0008538461538461549, 0.0005307692307692315, 0.0003769230769230774, 0.00023076923076923106, 0.00022307692307692336, 0.00013846153846153864, 0.00014615384615384634, 5.3846153846153914e-05, 1.5384615384615404e-05, 1.5384615384615404e-05, 7.692307692307702e-06, 0.0, 0.0, 7.692307692307702e-06, 0.0, 0.0, 0.0, 0.0, 0.0, 0.0, 0.0, 0.0, 0.0], "xHI": 0.6844586730003357}, "z7.6": {"phi": [0.5988538461538468, 0.7563384615384625, 0.9431153846153858, 1.170184615384617, 1.413330769230771, 1.6471538461538482, 1.8153000000000021, 1.8577076923076945, 1.7488307692307714, 1.4939230769230787, 1.1263000000000014, 0.767300000000001, 0.5078153846153852, 0.34482307692307734, 0.24156923076923106, 0.15894615384615404, 0.10470000000000013, 0.06912307692307701, 0.04640000000000006, 0.0301615384615385, 0.019630769230769254, 0.01379230769230771, 0.009353846153846166, 0.006600000000000008, 0.004869230769230775, 0.003630769230769235, 0.002315384615384618, 0.0018000000000000021, 0.0013615384615384633, 0.0009000000000000011, 0.0005384615384615391, 0.0004153846153846159, 0.00023076923076923106, 0.00028461538461538495, 0.00019230769230769255, 0.00014615384615384634, 3.846153846153851e-05, 1.5384615384615404e-05, 2.3076923076923106e-05, 1.5384615384615404e-05, 0.0, 1.5384615384615404e-05, 0.0, 0.0, 0.0, 0.0, 0.0, 0.0, 0.0, 0.0], "xHI": 0.29290103912353516}, "z15.1": {"phi": [0.01710000000000002, 0.022338461538461567, 0.0296615384615385, 0.036061538461538506, 0.04266923076923082, 0.04586923076923083, 0.04852307692307698, 0.044269230769230825, 0.03461538461538466, 0.02473846153846157, 0.01496153846153848, 0.008476923076923087, 0.004223076923076928, 0.0024923076923076956, 0.001061538461538463, 0.00047692307692307753, 0.00034615384615384657, 0.00018461538461538485, 8.461538461538472e-05, 4.615384615384621e-05, 1.5384615384615404e-05, 0.0, 0.0, 0.0, 0.0, 0.0, 0.0, 0.0, 0.0, 0.0, 0.0, 0.0, 0.0, 0.0, 0.0, 0.0, 0.0, 0.0, 0.0, 0.0, 0.0, 0.0, 0.0, 0.0, 0.0, 0.0, 0.0, 0.0, 0.0, 0.0], "xHI": 0.9994234442710876},