{"redshift": [49.0, 34.99999712000023, 32.02544808927968, 29.597751554824747, 27.571983684254437, 25.851281759360425, 24.368213273613176, 23.07427781379557, 21.93361795482123, 20.91911015426889, 20.00981578593519, 19.189298904387314, 18.444456327167753, 17.76470097041651, 17.141389271218667, 16.567372189901185, 16.036700972335634, 15.544359729969578, 15.086100531372157, 14.658303253732784, 14.257848484682038, 13.88204417377644, 13.52854859799506, 13.195312452312624, 12.880543212282506, 12.582652887699169, 12.300240561451036, 12.032056513252428, 11.776985888585706, 11.534034604213415, 11.302305033684942, 11.080989017414504, 10.869358716352595, 10.666753195086196, 10.47256971679847, 10.286263894519479, 10.107334617341214, 9.935326945498549, 9.769820292624633, 9.610430817444566, 9.456804457024678, 9.308614135687133, 9.165559349229355, 9.027359650807227, 8.893760796566468, 8.764509328523987, 8.639399696744485, 8.518216438530883, 8.40076691456489, 8.286870501091672, 8.176349244511167, 8.069060898743935, 7.96483900493873, 7.863566663771234, 7.765094588518252, 7.6693125408541345, 7.576093966546372, 7.48534114889822, 7.396940155007515, 7.310811035427326, 7.2268436973739085, 7.1449673875505795, 7.065088490150915, 6.987137513747861, 6.911035657411018, 6.836714222460806, 6.764113800168793, 6.6931657761827275, 6.623816497786424, 6.555997497453629, 6.489666133152782, 6.424764857696956, 6.361249645739861, 6.299072944745288, 6.238184026485962, 6.178549918559351, 6.120118535733384, 6.0628601617253715, 6.006736276255992, 5.951709946854178, 5.89774574771219, 5.844814368634323, 5.792878346341695, 5.741919977455019, 5.691895111236026, 5.642788057861341, 5.594566077552098, 5.547206339790843, 5.500686797560163, 5.454977820696207, 5.410063286554828, 5.3659153613357224, 5.322515298906395, 5.279844963187548, 5.23788291244258, 5.196612312049003, 5.156013070446951, 5.116069544603578, 5.076762884104586, 5.038078538495166, 4.99999880000024], "xHI": [1.0, 1.0, 1.0, 1.0, 1.0, 1.0, 1.0, 1.0, 1.0, 1.0, 1.0, 1.0, 1.0, 1.0, 1.0, 1.0, 1.0, 1.0, 0.9994234442710876, 0.9991633892059326, 0.9988020062446594, 0.9982828497886658, 0.9976180195808411, 0.9967938661575317, 0.9956428408622742, 0.9941127896308899, 0.99223393201828, 0.9900609850883484, 0.9874557256698608, 0.9843659400939941, 0.9805709719657898, 0.9761061072349548, 0.9708507657051086, 0.9647373557090759, 0.9576363563537598, 0.9493896961212158, 0.9398785829544067, 0.9291160702705383, 0.916863203048706, 0.902876615524292, 0.8871402740478516, 0.8696534037590027, 0.8501049876213074, 0.8281129598617554, 0.8040534853935242, 0.777828574180603, 0.7493125200271606, 0.71873539686203, 0.6844586730003357, 0.6470181941986084, 0.6056703329086304, 0.5571504235267639, 0.5046492218971252, 0.45135369896888733, 0.3963627517223358, 0.34435972571372986, 0.29290103912353516, 0.2421000897884369, 0.19387608766555786, 0.1453056037425995, 0.09933675080537796, 0.06471341103315353, 0.041446056216955185, 0.023210739716887474, 0.010915815830230713, 0.004464123863726854, 0.0016923241782933474, 0.0, 0.0, 0.0, 0.0, 0.0, 0.0, 0.0, 0.0, 0.0, 0.0, 0.0, 0.0, 0.0, 0.0, 0.0, 0.0, 0.0, 0.0, 0.0, 0.0, 0.0, 0.0, 0.0, 0.0, 0.0, 0.0, 0.0, 0.0, 0.0, 0.0, 0.0, 0.0, 0.0, 0.0]}